1000000001,0,Mon Mar 26 2001 00:00:00 GMT+0600 (Bangladesh Standard Time)
1000000002,0,Fri Dec 15 2000 00:00:00 GMT+0600 (Bangladesh Standard Time)
1000000003,0,Mon Mar 26 2001 00:00:00 GMT+0600 (Bangladesh Standard Time)
1000000004,0,Mon Mar 26 2001 00:00:00 GMT+0600 (Bangladesh Standard Time)
1000000005,0,Mon Mar 26 2001 00:00:00 GMT+0600 (Bangladesh Standard Time)
1000000006,0,Mon Mar 26 2001 00:00:00 GMT+0600 (Bangladesh Standard Time)
1000000007,0,Mon Mar 26 2001 00:00:00 GMT+0600 (Bangladesh Standard Time)
1000000010,0,Mon Mar 26 2001 00:00:00 GMT+0600 (Bangladesh Standard Time)
1000000016,0,Mon Mar 26 2001 00:00:00 GMT+0600 (Bangladesh Standard Time)
1000000017,0,Mon Mar 26 2001 00:00:00 GMT+0600 (Bangladesh Standard Time)
1000000018,0,Mon Mar 26 2001 00:00:00 GMT+0600 (Bangladesh Standard Time)
1000000019,0,Mon Mar 26 2001 00:00:00 GMT+0600 (Bangladesh Standard Time)
1000000021,0,Mon Mar 26 2001 00:00:00 GMT+0600 (Bangladesh Standard Time)
1000000027,0,Mon Mar 26 2001 00:00:00 GMT+0600 (Bangladesh Standard Time)
1000000030,0,Mon Mar 26 2001 00:00:00 GMT+0600 (Bangladesh Standard Time)
1000000032,0,Mon Mar 26 2001 00:00:00 GMT+0600 (Bangladesh Standard Time)
1000000036,0,Mon Mar 26 2001 00:00:00 GMT+0600 (Bangladesh Standard Time)
1000000038,0,Mon Mar 26 2001 00:00:00 GMT+0600 (Bangladesh Standard Time)
1000000039,0,Mon Mar 26 2001 00:00:00 GMT+0600 (Bangladesh Standard Time)
1000000040,0,Mon Mar 26 2001 00:00:00 GMT+0600 (Bangladesh Standard Time)
1000000044,0,Mon Mar 26 2001 00:00:00 GMT+0600 (Bangladesh Standard Time)
1000000045,0,Mon Mar 26 2001 00:00:00 GMT+0600 (Bangladesh Standard Time)
1000000047,0,Mon Mar 26 2001 00:00:00 GMT+0600 (Bangladesh Standard Time)
1000000052,0,Mon Mar 26 2001 00:00:00 GMT+0600 (Bangladesh Standard Time)